{"tag": "isic_ga_off_seed46", "duration": 402.8621759414673, "final_acc": 0.5175896179887508}