{"tag": "isic_mu_0.12_seed42", "duration": 16055.505272626877, "final_acc": 0.7060568443643094}