{"tag": "ham_mu_0.0_seed43", "duration": 19230.660328626633, "final_acc": 0.6422028387181314}