{"tag": "isic_mu_0.0_seed44", "duration": 9281.116308689117, "final_acc": 0.7164169738372914}