{"tag": "isic_mu_0.08_seed44", "duration": 16130.1283929348, "final_acc": 0.722048353898584}