{"tag": "isic_NoMut_seed43", "duration": 18169.382927179337, "final_acc": 0.7020671215366976}