{"tag": "ham_NoMut_seed43", "duration": 23704.645268917084, "final_acc": 0.6422028387181314}