{
  "tag": "ham_pspec0.7_seed43",
  "dataset": "ham",
  "p_spec_target": 0.7,
  "rsl": 226,
  "seed": 43,
  "duration": 384.8471026420593,
  "final_micro_pop": 251,
  "train_size": 8012,
  "val_size": 2003,
  "val_balanced_accuracy": 0.5096479092230268
}