{"tag": "ham_HighMut_seed43", "duration": 12407.591846704483, "final_acc": 0.636875909216787}