{"tag": "ham_ga_off_seed43", "duration": 276.9274785518646, "final_acc": 0.5037762534065672}