{
  "tag": "isic_pspec0.9_seed43",
  "dataset": "isic",
  "p_spec_target": 0.9,
  "rsl": 226,
  "seed": 43,
  "duration": 222.68843913078308,
  "final_micro_pop": 136,
  "train_size": 19571,
  "val_size": 4893,
  "val_balanced_accuracy": 0.5141385379136296
}