{"tag": "ham_pspec0.7_mu0.12_seed44", "duration": 6590.884776353836, "final_acc": 0.6317039520940444}