{"tag": "ham_ga_on_mut_off_seed43", "duration": 9513.41724562645, "final_acc": 0.6269504394397022}