{"tag": "ham_mu_0.04_seed43", "duration": 20972.291846990585, "final_acc": 0.6444904430737124}