{"tag": "ham_mu_0.04_seed43", "duration": 8272.358173370361, "final_acc": 0.6353017110956795}