{
  "tag": "isic_pspec0.5_seed42",
  "dataset": "isic",
  "p_spec_target": 0.5,
  "rsl": 225,
  "seed": 42,
  "duration": 349.71629214286804,
  "final_micro_pop": 241,
  "train_size": 19571,
  "val_size": 4893,
  "val_balanced_accuracy": 0.5808132295073801
}