{"tag": "ham_ga_on_mut_off_seed46", "duration": 6971.259645462036, "final_acc": 0.6274390690635897}