{"tag": "isic_ga_on_mut_on_seed42", "duration": 7217.76305437088, "final_acc": 0.705109222043147}