{
  "tag": "isic_pspec0.5_seed44",
  "dataset": "isic",
  "p_spec_target": 0.5,
  "rsl": 225,
  "seed": 44,
  "duration": 272.8378279209137,
  "final_micro_pop": 113,
  "train_size": 19571,
  "val_size": 4893,
  "val_balanced_accuracy": 0.5432028867599772
}