{"tag": "ham_ga_on_mut_on_seed45", "duration": 7015.292277097702, "final_acc": 0.6371240173919513}