{"tag": "isic_ga_on_mut_off_seed43", "duration": 6394.975670814514, "final_acc": 0.70187509138472}