{"tag": "isic_pspec0.3_mu0.04_seed43", "duration": 7656.153576850891, "final_acc": 0.7051506120192137}