{"tag": "isic_HighMut_seed43", "duration": 19786.846036434174, "final_acc": 0.6971208496446901}