{"tag": "isic_mu_0.08_seed43", "duration": 17947.929517269135, "final_acc": 0.6971208496446901}