{"tag": "isic_mu_0.0_seed43", "duration": 17671.600430727005, "final_acc": 0.7020671215366976}