{"tag": "isic_NoMut_seed42", "duration": 18034.50236582756, "final_acc": 0.7069781514287553}