{
  "tag": "ham_pspec0.9_seed44",
  "dataset": "ham",
  "p_spec_target": 0.9,
  "rsl": 226,
  "seed": 44,
  "duration": 266.80907797813416,
  "final_micro_pop": 184,
  "train_size": 8012,
  "val_size": 2003,
  "val_balanced_accuracy": 0.5040267050827235
}