{
  "tag": "ham_pspec0.5_seed44",
  "dataset": "ham",
  "p_spec_target": 0.5,
  "rsl": 225,
  "seed": 44,
  "duration": 185.54943871498108,
  "final_micro_pop": 137,
  "train_size": 8012,
  "val_size": 2003,
  "val_balanced_accuracy": 0.5019752749519271
}