{"tag": "ham_mu_0.0_seed43", "duration": 7390.291972160339, "final_acc": 0.6269504394397022}