{"tag": "isic_pspec0.7_mu0.12_seed43", "duration": 5504.691672325134, "final_acc": 0.7006486070520179}