{"tag": "ham_ga_off_seed42", "duration": 433.0313241481781, "final_acc": 0.5207422688083202}