{"tag": "isic_NoMut_seed44", "duration": 18430.726807832718, "final_acc": 0.7102908551408922}