{"tag": "isic_pspec0.3_mu0.12_seed44", "duration": 8535.873511075974, "final_acc": 0.720685931392882}