{"tag": "isic_mu_0.12_seed44", "duration": 15607.36042022705, "final_acc": 0.7089674940560768}