{"tag": "ham_pspec0.7_mu0.04_seed44", "duration": 6314.157929420471, "final_acc": 0.6535319798613362}