{"tag": "ham_LowMut_seed42", "duration": 12111.27613902092, "final_acc": 0.624841519950805}