{"tag": "ham_NoMut_seed44", "duration": 24269.396916627884, "final_acc": 0.665628586632861}