{"tag": "isic_mu_0.12_seed43", "duration": 15234.700963973999, "final_acc": 0.7111347847964433}