{
  "tag": "ham_pspec0.9_seed45",
  "dataset": "ham",
  "p_spec_target": 0.9,
  "rsl": 226,
  "seed": 45,
  "duration": 449.2043240070343,
  "final_micro_pop": 326,
  "train_size": 8012,
  "val_size": 2003,
  "val_balanced_accuracy": 0.4975186104218362
}