{"tag": "ham_pspec0.3_mu0.12_seed42", "duration": 5728.532115936279, "final_acc": 0.6462894178054057}