{"tag": "ham_NoMut_seed46", "duration": 25165.935409784317, "final_acc": 0.6209487991830969}