{"tag": "isic_pspec0.3_mu0.04_seed44", "duration": 8254.731387376785, "final_acc": 0.7184315910675088}