{"tag": "isic_mu_0.04_seed44", "duration": 23416.64776325226, "final_acc": 0.7151280318240499}