{"tag": "ham_pspec0.3_mu0.04_seed42", "duration": 5565.468631267548, "final_acc": 0.6560748981950193}