{"tag": "ham_LowMut_seed46", "duration": 11931.52716088295, "final_acc": 0.6430014130992228}