{"tag": "ham_pspec0.7_mu0.0_seed44", "duration": 12413.041278362274, "final_acc": 0.6425751914426296}