{"tag": "isic_mu_0.12_seed42", "duration": 6099.877199888229, "final_acc": 0.7040176352296244}