{"tag": "isic_ga_on_mut_off_seed44", "duration": 6079.510724544525, "final_acc": 0.7164169738372914}