{"tag": "isic_ga_on_mut_on_seed44", "duration": 6085.739294052124, "final_acc": 0.7169767164335616}