{"tag": "isic_ga_on_mut_on_seed46", "duration": 6054.77104473114, "final_acc": 0.7037035312181348}