{"tag": "ham_ga_off_seed44", "duration": 557.455732345581, "final_acc": 0.5243091095189355}