{"tag": "ham_HighMut_seed46", "duration": 12460.277128219604, "final_acc": 0.6304863618592977}