{"tag": "isic_ga_on_mut_off_seed42", "duration": 6082.550146579742, "final_acc": 0.6984658061414118}