{"tag": "ham_mu_0.0_seed44", "duration": 9048.484757184982, "final_acc": 0.6425751914426296}