{"tag": "ham_HighMut_seed45", "duration": 12415.46483707428, "final_acc": 0.651538956348325}