{"tag": "isic_pspec0.7_mu0.04_seed43", "duration": 5682.22979593277, "final_acc": 0.6965527855081177}