{
  "tag": "isic_pspec0.3_seed42",
  "dataset": "isic",
  "p_spec_target": 0.3,
  "rsl": 135,
  "seed": 42,
  "duration": 343.43603515625,
  "final_micro_pop": 196,
  "train_size": 19571,
  "val_size": 4893,
  "val_balanced_accuracy": 0.5226778904957191
}