{"tag": "isic_pspec0.3_mu0.12_seed42", "duration": 8019.481483459473, "final_acc": 0.70287880568486}