{"tag": "ham_mu_0.08_seed42", "duration": 21606.470217704773, "final_acc": 0.643226570633312}