{"tag": "ham_pspec0.3_mu0.04_seed44", "duration": 5530.279095649719, "final_acc": 0.6330065200136574}