{"tag": "isic_ga_on_mut_off_seed46", "duration": 6064.4210293293, "final_acc": 0.7027409891686167}