{
  "tag": "ham_pspec0.3_seed42",
  "dataset": "ham",
  "p_spec_target": 0.3,
  "rsl": 135,
  "seed": 42,
  "duration": 234.90706372261047,
  "final_micro_pop": 178,
  "train_size": 8012,
  "val_size": 2003,
  "val_balanced_accuracy": 0.5074766933421335
}