{"tag": "ham_HighMut_seed44", "duration": 12585.255390405655, "final_acc": 0.6274390690635897}