{"tag": "isic_HighMut_seed45", "duration": 19519.082202911377, "final_acc": 0.7088523283666075}