{"tag": "isic_ga_off_seed43", "duration": 486.88581371307373, "final_acc": 0.5117805997964023}