{"tag": "isic_mu_0.01_seed44", "duration": 24394.96611046791, "final_acc": 0.7088364307188815}