{
  "tag": "isic_pspec0.1_seed45",
  "dataset": "isic",
  "p_spec_target": 0.1,
  "rsl": 44,
  "seed": 45,
  "duration": 236.96085596084595,
  "final_micro_pop": 62,
  "train_size": 19571,
  "val_size": 4893,
  "val_balanced_accuracy": 0.5407281652802913
}