{"tag": "ham_mu_0.01_seed43", "duration": 19195.39017057419, "final_acc": 0.6614331269108868}