{"tag": "ham_mu_0.08_seed43", "duration": 21266.999564170837, "final_acc": 0.636875909216787}