{"tag": "isic_mu_0.08_seed42", "duration": 23255.701449871063, "final_acc": 0.7153077660237938}