{"tag": "isic_pspec0.7_mu0.12_seed44", "duration": 3647.628253221512, "final_acc": 0.7145603404039167}