{"tag": "isic_LowMut_seed46", "duration": 18650.871990442276, "final_acc": 0.7039314085729933}