{"tag": "ham_mu_0.04_seed44", "duration": 8321.679713487625, "final_acc": 0.6535319798613362}