{"tag": "isic_HighMut_seed44", "duration": 20077.042732715607, "final_acc": 0.722048353898584}