{"tag": "ham_mu_0.0_seed42", "duration": 7285.877561330795, "final_acc": 0.6362323072142976}