{"tag": "isic_ga_on_mut_off_seed45", "duration": 6063.825287818909, "final_acc": 0.711677884312109}