{
  "tag": "isic_pspec0.7_seed46",
  "dataset": "isic",
  "p_spec_target": 0.7,
  "rsl": 226,
  "seed": 46,
  "duration": 296.8635084629059,
  "final_micro_pop": 211,
  "train_size": 19571,
  "val_size": 4893,
  "val_balanced_accuracy": 0.5044394450071117
}