{"tag": "ham_pspec0.3_mu0.0_seed43", "duration": 5550.603462934494, "final_acc": 0.6398767293450897}