{"tag": "isic_mu_0.0_seed42", "duration": 17196.80988383293, "final_acc": 0.7069781514287553}