{
  "tag": "ham_pspec0.5_seed46",
  "dataset": "ham",
  "p_spec_target": 0.5,
  "rsl": 225,
  "seed": 46,
  "duration": 315.17605423927307,
  "final_micro_pop": 166,
  "train_size": 8012,
  "val_size": 2003,
  "val_balanced_accuracy": 0.5110028367804129
}