{"tag": "ham_pspec0.3_mu0.04_seed43", "duration": 5491.159018039703, "final_acc": 0.6397604524457003}