{"tag": "isic_LowMut_seed43", "duration": 18757.841109752655, "final_acc": 0.6993592923223373}