{"tag": "ham_mu_0.08_seed44", "duration": 23237.943089962006, "final_acc": 0.6274390690635897}