{
  "tag": "ham_pspec0.3_seed45",
  "dataset": "ham",
  "p_spec_target": 0.3,
  "rsl": 135,
  "seed": 45,
  "duration": 224.4970543384552,
  "final_micro_pop": 107,
  "train_size": 8012,
  "val_size": 2003,
  "val_balanced_accuracy": 0.5036022986171489
}