{"tag": "ham_ga_on_mut_off_seed45", "duration": 6792.6443066596985, "final_acc": 0.6221352806650722}