{"tag": "isic_pspec0.7_mu0.0_seed43", "duration": 7842.091928243637, "final_acc": 0.70187509138472}