{"tag": "isic_mu_0.01_seed43", "duration": 17566.448814868927, "final_acc": 0.6993592923223373}