{"tag": "isic_LowMut_seed42", "duration": 19596.292592287064, "final_acc": 0.7013589898241991}