{"tag": "ham_mu_0.0_seed44", "duration": 19852.669195890427, "final_acc": 0.665628586632861}