{"tag": "ham_LowMut_seed43", "duration": 11687.494617700577, "final_acc": 0.6614331269108868}