{"tag": "isic_mu_0.01_seed42", "duration": 17755.813628196716, "final_acc": 0.7013589898241991}