{"tag": "ham_pspec0.7_mu0.04_seed43", "duration": 6315.35639667511, "final_acc": 0.6353017110956795}