{"tag": "ham_pspec0.7_mu0.12_seed43", "duration": 6492.561123371124, "final_acc": 0.6403186958398202}