{"tag": "isic_pspec0.7_mu0.04_seed44", "duration": 5483.189645528793, "final_acc": 0.7169767164335616}