{"tag": "isic_HighMut_seed42", "duration": 20415.777584075928, "final_acc": 0.7153077660237938}