{
  "tag": "isic_pspec0.1_seed43",
  "dataset": "isic",
  "p_spec_target": 0.1,
  "rsl": 44,
  "seed": 43,
  "duration": 215.5587875843048,
  "final_micro_pop": 28,
  "train_size": 19571,
  "val_size": 4893,
  "val_balanced_accuracy": 0.5059320814447082
}