{
  "tag": "isic_pspec0.3_seed43",
  "dataset": "isic",
  "p_spec_target": 0.3,
  "rsl": 135,
  "seed": 43,
  "duration": 309.9381127357483,
  "final_micro_pop": 117,
  "train_size": 19571,
  "val_size": 4893,
  "val_balanced_accuracy": 0.5060707189781224
}