{"tag": "isic_mu_0.04_seed43", "duration": 6103.578527927399, "final_acc": 0.6965527855081177}