{"tag": "ham_pspec0.7_mu0.12_seed42", "duration": 6222.387792348862, "final_acc": 0.6194755140467446}