{"tag": "ham_NoMut_seed45", "duration": 23920.268530845642, "final_acc": 0.6356662866319849}