{"tag": "ham_mu_0.04_seed42", "duration": 20977.0471868515, "final_acc": 0.6365502196214459}