{
    "multiplier": 0.25,
    "N": 6116,
    "seed": 50,
    "duration_total": 33264.66349744797,
    "duration_training": 32164.920558214188,
    "train_metrics": {
        "accuracy": 0.7220888048643401,
        "precision": 0.5762615332042373,
        "recall": 0.7463853644142815,
        "f1_score": 0.6503824644854406,
        "balanced_accuracy": 0.727800670950985,
        "tp": 5059,
        "tn": 9073,
        "fp": 3720,
        "fn": 1719,
        "rule_efficiency": 8129.973269011304,
        "rules_active": 5917
    },
    "test_metrics": {
        "accuracy": 0.7296137339055794,
        "precision": 0.5842391304347826,
        "recall": 0.7610619469026548,
        "f1_score": 0.6610299769408148,
        "balanced_accuracy": 0.7370037689485132,
        "tp": 1290,
        "tn": 2280,
        "fp": 918,
        "fn": 405,
        "rule_efficiency": 8028.452837414675,
        "rules_active": 5917
    },
    "final_rule_count": 5917
}