{
    "multiplier": 0.12,
    "N": 2935,
    "seed": 50,
    "duration_total": 16440.912159204483,
    "duration_training": 15470.329262018204,
    "train_metrics": {
        "accuracy": 0.7311327985284349,
        "precision": 0.5903241182078169,
        "recall": 0.7308940690469165,
        "f1_score": 0.6531311799604482,
        "balanced_accuracy": 0.731076675733495,
        "tp": 4954,
        "tn": 9355,
        "fp": 3438,
        "fn": 1824,
        "rule_efficiency": 3903.831287103448,
        "rules_active": 2854
    },
    "test_metrics": {
        "accuracy": 0.7400367872470877,
        "precision": 0.6006663493574488,
        "recall": 0.744542772861357,
        "f1_score": 0.6649104320337197,
        "balanced_accuracy": 0.7410956515964071,
        "tp": 1262,
        "tn": 2359,
        "fp": 839,
        "fn": 433,
        "rule_efficiency": 3851.0548454199516,
        "rules_active": 2854
    },
    "final_rule_count": 2854
}