{"tag": "isic_mu_0.04_seed44", "duration": 3728.2577826976776, "final_acc": 0.7169767164335616}