{"tag": "isic_pspec0.7_mu0.04_seed42", "duration": 7794.933702468872, "final_acc": 0.705109222043147}