{"tag": "ham_ga_on_mut_on_seed44", "duration": 6972.540621995926, "final_acc": 0.6535319798613362}