{"tag": "isic_mu_0.04_seed43", "duration": 23712.75080370903, "final_acc": 0.7007059721713078}