{"tag": "isic_LowMut_seed44", "duration": 18566.616823911667, "final_acc": 0.7088364307188815}