{"tag": "isic_mu_0.0_seed43", "duration": 5311.748278141022, "final_acc": 0.70187509138472}