{"tag": "isic_mu_0.04_seed42", "duration": 23570.892909049988, "final_acc": 0.7084811692178172}