{"tag": "isic_pspec0.7_mu0.12_seed42", "duration": 3908.524807691574, "final_acc": 0.7040176352296244}