{
  "tag": "ham_pspec0.5_seed43",
  "dataset": "ham",
  "p_spec_target": 0.5,
  "rsl": 225,
  "seed": 43,
  "duration": 528.134241104126,
  "final_micro_pop": 251,
  "train_size": 8012,
  "val_size": 2003,
  "val_balanced_accuracy": 0.5096479092230268
}