{"tag": "ham_mu_0.12_seed42", "duration": 5420.581928730011, "final_acc": 0.6194755140467446}