{"tag": "isic_pspec0.3_mu0.0_seed42", "duration": 8200.03360748291, "final_acc": 0.7047159397750165}