{
  "tag": "ham_pspec0.1_seed46",
  "dataset": "ham",
  "p_spec_target": 0.1,
  "rsl": 44,
  "seed": 46,
  "duration": 147.86474108695984,
  "final_micro_pop": 46,
  "train_size": 8012,
  "val_size": 2003,
  "val_balanced_accuracy": 0.5022854486491976
}