{"tag": "ham_pspec0.3_mu0.0_seed42", "duration": 5599.435485601425, "final_acc": 0.6329367157816734}