{"tag": "isic_pspec0.3_mu0.0_seed44", "duration": 6165.72170996666, "final_acc": 0.7133181134144831}