{"tag": "ham_ga_on_mut_off_seed44", "duration": 9577.9056558609, "final_acc": 0.6425751914426296}