{"tag": "isic_ga_on_mut_on_seed45", "duration": 6934.497880935669, "final_acc": 0.7115409682197387}