{"tag": "ham_pspec0.3_mu0.12_seed44", "duration": 5748.221199989319, "final_acc": 0.6302849168132905}