{"tag": "ham_mu_0.12_seed43", "duration": 8412.20546245575, "final_acc": 0.6403186958398202}