{"tag": "ham_pspec0.7_mu0.04_seed42", "duration": 12062.948527097702, "final_acc": 0.6396050991435951}