{"tag": "ham_mu_0.04_seed42", "duration": 7607.527006864548, "final_acc": 0.6396050991435951}