{"tag": "isic_mu_0.0_seed44", "duration": 17336.44673061371, "final_acc": 0.7102908551408922}