{"tag": "ham_pspec0.3_mu0.0_seed44", "duration": 6008.953816890717, "final_acc": 0.6423193060792725}