{
  "tag": "ham_pspec0.7_seed46",
  "dataset": "ham",
  "p_spec_target": 0.7,
  "rsl": 226,
  "seed": 46,
  "duration": 350.960994720459,
  "final_micro_pop": 181,
  "train_size": 8012,
  "val_size": 2003,
  "val_balanced_accuracy": 0.5059258248557811
}