{"tag": "ham_mu_0.12_seed42", "duration": 21547.446680545807, "final_acc": 0.6240736733989817}