{"tag": "isic_pspec0.3_mu0.04_seed42", "duration": 6119.0527493953705, "final_acc": 0.7038558947462946}