{"tag": "ham_ga_off_seed46", "duration": 544.1961064338684, "final_acc": 0.5200908896176378}