{"tag": "ham_LowMut_seed44", "duration": 11638.79551911354, "final_acc": 0.6380001731932196}