{"tag": "ham_mu_0.01_seed44", "duration": 20497.773987054825, "final_acc": 0.6380001731932196}