{"tag": "isic_pspec0.3_mu0.12_seed43", "duration": 7919.165831327438, "final_acc": 0.7054602139113377}