{"tag": "ham_ga_on_mut_on_seed42", "duration": 6977.889182329178, "final_acc": 0.6396050991435951}