{"tag": "ham_NoMut_seed42", "duration": 23322.335646152496, "final_acc": 0.6362323072142976}