{"tag": "ham_mu_0.12_seed44", "duration": 8539.340348005295, "final_acc": 0.6317039520940444}