{
  "tag": "isic_pspec0.1_seed44",
  "dataset": "isic",
  "p_spec_target": 0.1,
  "rsl": 44,
  "seed": 44,
  "duration": 218.55122327804565,
  "final_micro_pop": 37,
  "train_size": 19571,
  "val_size": 4893,
  "val_balanced_accuracy": 0.5056902267456983
}