{"tag": "ham_mu_0.01_seed42", "duration": 20210.21019601822, "final_acc": 0.624841519950805}