{"tag": "isic_pspec0.7_mu0.0_seed42", "duration": 7598.972853422165, "final_acc": 0.6984658061414118}