{"tag": "isic_pspec0.7_mu0.0_seed44", "duration": 6225.129434108734, "final_acc": 0.7164169738372914}