{"tag": "ham_mu_0.0_seed42", "duration": 18964.05655360222, "final_acc": 0.6362323072142976}