{"tag": "isic_ga_off_seed42", "duration": 291.42620158195496, "final_acc": 0.5309832312069378}