{"tag": "isic_mu_0.12_seed44", "duration": 5177.9133088588715, "final_acc": 0.7145603404039167}