{"tag": "ham_mu_0.04_seed44", "duration": 20498.053758859634, "final_acc": 0.6169166604131725}