{"tag": "ham_ga_on_mut_on_seed46", "duration": 8990.337360620499, "final_acc": 0.6360460356211726}