{"tag": "ham_ga_on_mut_off_seed42", "duration": 9530.990002632141, "final_acc": 0.6362323072142976}