{
  "tag": "isic_pspec0.7_seed42",
  "dataset": "isic",
  "p_spec_target": 0.7,
  "rsl": 226,
  "seed": 42,
  "duration": 361.9664535522461,
  "final_micro_pop": 207,
  "train_size": 19571,
  "val_size": 4893,
  "val_balanced_accuracy": 0.5686540813672262
}