{"tag": "isic_NoMut_seed45", "duration": 18143.211138248444, "final_acc": 0.7099383724069444}