{"tag": "isic_NoMut_seed46", "duration": 18534.200269460678, "final_acc": 0.6939497043742363}