{
  "tag": "isic_pspec0.9_seed46",
  "dataset": "isic",
  "p_spec_target": 0.9,
  "rsl": 226,
  "seed": 46,
  "duration": 248.76393747329712,
  "final_micro_pop": 211,
  "train_size": 19571,
  "val_size": 4893,
  "val_balanced_accuracy": 0.5044394450071117
}