{"tag": "isic_ga_on_mut_on_seed43", "duration": 6202.166150569916, "final_acc": 0.6965527855081177}