{"tag": "ham_ga_on_mut_on_seed43", "duration": 7011.152939319611, "final_acc": 0.6353017110956795}