{"tag": "ham_mu_0.12_seed43", "duration": 22930.759662151337, "final_acc": 0.6335729215194734}