{"tag": "isic_ga_off_seed44", "duration": 512.2051107883453, "final_acc": 0.5132448513855195}