{"tag": "isic_ga_off_seed45", "duration": 233.08692932128906, "final_acc": 0.5042311692750163}