{
  "tag": "ham_pspec0.5_seed42",
  "dataset": "ham",
  "p_spec_target": 0.5,
  "rsl": 225,
  "seed": 42,
  "duration": 333.32787919044495,
  "final_micro_pop": 292,
  "train_size": 8012,
  "val_size": 2003,
  "val_balanced_accuracy": 0.5065461722503221
}