{"tag": "ham_pspec0.3_mu0.12_seed43", "duration": 5582.783735990524, "final_acc": 0.6332624053770146}