{"tag": "isic_mu_0.0_seed42", "duration": 9218.670387506485, "final_acc": 0.6984658061414118}