{"tag": "ham_LowMut_seed45", "duration": 12187.325748443604, "final_acc": 0.628959017329099}