{"tag": "isic_mu_0.12_seed43", "duration": 5137.127986192703, "final_acc": 0.7006486070520179}