{"tag": "ham_mu_0.12_seed44", "duration": 21519.283905506134, "final_acc": 0.6404427499274024}