{"tag": "isic_LowMut_seed45", "duration": 18072.963106632233, "final_acc": 0.7100736426425631}