{"tag": "ham_ga_off_seed45", "duration": 349.59609174728394, "final_acc": 0.5091498460370687}