{"tag": "isic_pspec0.3_mu0.0_seed43", "duration": 6200.914539337158, "final_acc": 0.7077303743889396}