{"tag": "ham_HighMut_seed42", "duration": 12469.692769289017, "final_acc": 0.643226570633312}