{
  "model": "PhD_Champion_Fast_1.1",
  "threshold": 0.31,
  "internal_isic": {
    "train_val": {
      "ba": 0.7251182532836185,
      "sens": 0.7391670881807453,
      "spec": 0.7110694183864915
    },
    "test": {
      "ba": 0.7155931251186815,
      "sens": 0.7348544453186467,
      "spec": 0.6963318049187162
    }
  },
  "external_ham10000": {
    "ba": 0.6521757652150053,
    "sens": 0.503582395087001,
    "spec": 0.8007691353430095
  }
}