{"tag": "isic_HighMut_seed46", "duration": 19276.410085439682, "final_acc": 0.7049353405985781}