{"tag": "ham_pspec0.7_mu0.0_seed42", "duration": 12214.594272613525, "final_acc": 0.6362323072142976}