{"tag": "isic_mu_0.04_seed42", "duration": 6225.977315664291, "final_acc": 0.705109222043147}