{"tag": "ham_pspec0.7_mu0.0_seed43", "duration": 12275.102706193924, "final_acc": 0.6269504394397022}